[
  {
    "Id": "1498326",
    "ThreadId": "663923",
    "Html": "hello,\r<br />\nI wanted to use the multi-column-combo-box from\r<br />\n<a href=\"https://www.intertech.com/Blog/winforms-multi-column-combo-box-in-a-datagridview/\" rel=\"nofollow\">https://www.intertech.com/Blog/winforms-multi-column-combo-box-in-a-datagridview/</a>,\r<br />\n<br />\nbut there is a problem in the Multi Column Combo after compiling<br />\n<pre><code> // Set custom properties of Multi Column Combo Box.\neditingControl.ColumnNames = ColumnNames;\neditingControl.ColumnWidths = ColumnWidths;\neditingControl.BackColorEven = EvenRowsBackColor;\neditingControl.BackColorOdd = OddRowsBackColor;\neditingControl.OwnerCell = this;\n\nif (Value != null) //&lt;--- error here</code></pre>\n\nIs there any chance of finding the solution and make both extensions to cooperate?<br />\n",
    "PostedDate": "2017-10-25T09:11:13.423-07:00",
    "UserRole": null,
    "MarkedAsAnswerDate": null
  }
]