[
  {
    "Id": "1432810",
    "ThreadId": "640850",
    "Html": "Using VS 2012 and .NET 4.0<br />\n<ol>\n<li>Reading data from SQL into DataTable using SQLDataAdapter:  da.Fill(dt)</li>\n<li>\nLoading data into ADGV this way:   DataGridView1.DataSource = dt<br />\n</li>\n</ol>\nData is displayed correctly in Grid.\r<br />\n<br />\nWhen a Column Filter is changed, the grid is not filtered.\r<br />\n<br />\nWhat is the problem?\r<br />\n<br />\nThanks<br />\n",
    "PostedDate": "2015-07-01T14:29:55.053-07:00",
    "UserRole": null,
    "MarkedAsAnswerDate": null
  },
  {
    "Id": "1444175",
    "ThreadId": "640850",
    "Html": "Ni la ordenacion ni el filtrado instalado en Visual Studio 2013, cual es el problema<br />\n",
    "PostedDate": "2015-09-12T17:39:48.03-07:00",
    "UserRole": null,
    "MarkedAsAnswerDate": null
  },
  {
    "Id": "1482136",
    "ThreadId": "640850",
    "Html": "try this:<br />\n<pre><code>        private void DataGridView1_FilterStringChanged(object sender, EventArgs e)\n        {\n            var myDataGrid = sender as Zuby.ADGV.AdvancedDataGridView;\n             (myDataGrid.DataSource as DataTable).DefaultView.RowFilter = myDataGrid.FilterString;\n        }\n \n       private void DataGridView1_SortStringChanged(object sender, EventArgs e)\n        {\n            var myDataGrid = sender as Zuby.ADGV.AdvancedDataGridView;\n            (myDataGrid.DataSource as DataTable).DefaultView.Sort =  myDataGrid.SortString;\n        }\n\n</code></pre>\n\n",
    "PostedDate": "2016-08-26T02:47:21.6-07:00",
    "UserRole": null,
    "MarkedAsAnswerDate": null
  },
  {
    "Id": "1497959",
    "ThreadId": "640850",
    "Html": "smolo's solution works great.\r<br />\nthx.<br />\n",
    "PostedDate": "2017-09-07T07:12:48.903-07:00",
    "UserRole": null,
    "MarkedAsAnswerDate": null
  }
]