[
  {
    "Id": "1150400",
    "ThreadId": "483942",
    "Html": "Thank you!\r<br />\n<br />\nОтличный грид, то, чего часто не хватает!<br />\n",
    "PostedDate": "2014-01-07T06:13:19.153-08:00",
    "UserRole": null,
    "MarkedAsAnswerDate": null
  },
  {
    "Id": "1249838",
    "ThreadId": "483942",
    "Html": "\\0/ just give me some stars!\r<br />\nrate this :)<br />\n",
    "PostedDate": "2014-05-26T22:06:11.947-07:00",
    "UserRole": null,
    "MarkedAsAnswerDate": null
  },
  {
    "Id": "1250752",
    "ThreadId": "483942",
    "Html": "<strong>Zubyme wrote:</strong><br />\n<blockquote>\n\\0/ just give me some stars!<br />\nrate this :)<br />\n</blockquote>\nДа хоть 10! :-)\r<br />\nКак это сделать? <br />\n",
    "PostedDate": "2014-05-29T00:52:10.223-07:00",
    "UserRole": null,
    "MarkedAsAnswerDate": null
  },
  {
    "Id": "1251499",
    "ThreadId": "483942",
    "Html": "На странице Downloads надо написать review к загрузке\r<br />\nЧем больше положительных отзывов\r<br />\nтем выше позиция в рейтинге \r<br />\nтем больше людей увидят этот грид<br />\n",
    "PostedDate": "2014-05-30T19:19:48.37-07:00",
    "UserRole": null,
    "MarkedAsAnswerDate": null
  }
]