[
  {
    "Id": "1237562",
    "ThreadId": "543199",
    "Html": "Hi<br />\n<br />\nI have a krypton datagridview where i would love to implement this filter. Is there any way that i can keep the kryptondatagridview?<br />\n<br />\nI tried editing the source. Inherited the control from kryptondatagridview instead of windows datagridview. Then rebuild the source file. The dll i got is only 87 kb while the Original is 88 kb. A lot of warings about missing xml values. Any idea what i am doing wrong.<br />\n<br />\nAny help is gratefully appreciated!<br />\n<br />\nThanks<br />\n",
    "PostedDate": "2014-04-24T07:31:22.337-07:00",
    "UserRole": null,
    "MarkedAsAnswerDate": null
  },
  {
    "Id": "1249836",
    "ThreadId": "543199",
    "Html": "warnings are not important, the compiler warns that just missed the description of the public method / property.\r<br />\n If the library is compiled successfully, you can try to use. \r<br />\nBut it is better to connect to the new project is not compiled DLL, but the source code to see runtime exception<br />\n",
    "PostedDate": "2014-05-26T21:53:42.973-07:00",
    "UserRole": null,
    "MarkedAsAnswerDate": null
  }
]