[
  {
    "Id": "398744",
    "Title": "Localization",
    "LatestDate": "2015-06-25T18:18:51.497-07:00"
  },
  {
    "Id": "483942",
    "Title": "Thnx!",
    "LatestDate": "2014-05-30T19:19:48.37-07:00"
  },
  {
    "Id": "484056",
    "Title": "What implementations of IBindingListView does this support?",
    "LatestDate": "2014-05-27T01:14:13.34-07:00"
  },
  {
    "Id": "543199",
    "Title": "krypton datagridview",
    "LatestDate": "2014-05-26T21:53:42.973-07:00"
  },
  {
    "Id": "546865",
    "Title": "Cause change to datatable with dropfilter",
    "LatestDate": "2014-05-30T19:28:57.417-07:00"
  },
  {
    "Id": "640800",
    "Title": "How can i change column backcolor?",
    "LatestDate": "2015-06-30T19:35:06.727-07:00"
  },
  {
    "Id": "640850",
    "Title": "Data displays in grid, Filters show correct data, but after filter is selected,  data in grid is not filtered.",
    "LatestDate": "2017-09-07T07:12:48.903-07:00"
  },
  {
    "Id": "663632",
    "Title": "Advanced DataGridView Password Problem",
    "LatestDate": "2017-08-19T09:56:56.157-07:00"
  },
  {
    "Id": "663838",
    "Title": "update every second time only",
    "LatestDate": "2017-10-01T10:44:18.773-07:00"
  },
  {
    "Id": "663923",
    "Title": "external multi-column-combo-box problem",
    "LatestDate": "2017-10-25T09:11:13.423-07:00"
  }
]