[
  {
    "Id": "1250651",
    "ThreadId": "546865",
    "Html": "How would I implement the filtering from the DataGridView to the datatable that is being used as the bindingsource? if you delete a row in the datagridview it is reflected in the database but currently filters are not, how can I make the filter change the database? or import what is seen in the datagridview into an excel worksheet? Currently I write the data from the datatable to the worksheet so making the ADGV change the datatable would be the method I understand would work best, how can I do this?<br />\n",
    "PostedDate": "2014-05-28T14:22:46.813-07:00",
    "UserRole": null,
    "MarkedAsAnswerDate": null
  },
  {
    "Id": "1251502",
    "ThreadId": "546865",
    "Html": "Hi longlostbro!\r<br />\nCan you explain your question in more detail?\r<br />\nIm also use this grid with MS SQL database and export data to excel<br />\n",
    "PostedDate": "2014-05-30T19:28:57.417-07:00",
    "UserRole": null,
    "MarkedAsAnswerDate": null
  }
]