{
  "WorkItem": {
    "AffectedComponent": {
      "Name": "",
      "DisplayName": ""
    },
    "ClosedComment": "",
    "ClosedDate": null,
    "CommentCount": 0,
    "Custom": null,
    "Description": "I am using the package  and when I use contains or equals and my part number it is bring back more than the 1 row that I have in the datatable. What can I do to fix this?\r\nHere is the filter string. ([ItemNumber] LIKE '717630-132')",
    "LastUpdatedDate": "2016-09-26T13:31:01.84-07:00",
    "PlannedForRelease": "",
    "ReleaseVisibleToPublic": false,
    "Priority": {
      "Name": "Unassigned",
      "Severity": 0,
      "Id": 0
    },
    "ProjectName": "adgv",
    "ReportedDate": "2016-09-26T13:31:01.84-07:00",
    "Status": {
      "Name": "Proposed",
      "Id": 1
    },
    "ReasonClosed": {
      "Name": "Unassigned"
    },
    "Summary": "Filtering is returning duplicates",
    "Type": {
      "Name": "Unassigned",
      "Id": 5
    },
    "VoteCount": 1,
    "Id": 1553
  },
  "FileAttachments": [],
  "Comments": []
}