{
  "WorkItem": {
    "AffectedComponent": {
      "Name": "",
      "DisplayName": ""
    },
    "ClosedComment": "fixed in v0.1.1.0",
    "ClosedDate": "2015-05-13T19:04:49.683-07:00",
    "CommentCount": 3,
    "Custom": "",
    "Description": "When you select true and false, it will only show the false part",
    "LastUpdatedDate": "2015-05-13T19:04:49.683-07:00",
    "PlannedForRelease": "",
    "ReleaseVisibleToPublic": false,
    "Priority": {
      "Name": "Unassigned",
      "Severity": 0,
      "Id": 0
    },
    "ProjectName": "adgv",
    "ReportedDate": "2014-10-20T02:37:08.41-07:00",
    "Status": {
      "Name": "Closed",
      "Id": 4
    },
    "ReasonClosed": {
      "Name": "Unassigned"
    },
    "Summary": "Boolean filter not work with true and false selected",
    "Type": {
      "Name": "Unassigned",
      "Id": 5
    },
    "VoteCount": 1,
    "Id": 1492
  },
  "FileAttachments": [],
  "Comments": [
    {
      "Message": "funny bugDo you have a \"empty\" field to select in filter?",
      "PostedDate": "2014-10-21T00:25:19.58-07:00",
      "Id": 184391
    },
    {
      "Message": "Try to change inprivate String CreateFilterString(IEnumerable nodes)line \"else if (this.DataType == typeof(Boolean))\"to line \"else if (this.DataType == typeof(Boolean) && nodes.Count() == 1)\"",
      "PostedDate": "2014-10-21T00:38:40.693-07:00",
      "Id": 184392
    },
    {
      "Message": "*Try to change in ADGVFilterMenu class",
      "PostedDate": "2014-10-21T00:39:14.17-07:00",
      "Id": 184393
    }
  ]
}