{
  "WorkItem": {
    "AffectedComponent": {
      "Name": "",
      "DisplayName": ""
    },
    "ClosedComment": "fixed in v 0.1.0.1",
    "ClosedDate": "2013-02-25T17:14:06.26-08:00",
    "CommentCount": 0,
    "Custom": "",
    "Description": "When column visible = false filterbutton still shown\nwill be fixed in next release",
    "LastUpdatedDate": "2013-05-16T01:15:39.18-07:00",
    "PlannedForRelease": "0.1.0.0",
    "ReleaseVisibleToPublic": true,
    "Priority": {
      "Name": "Low",
      "Severity": 50,
      "Id": 1
    },
    "ProjectName": "adgv",
    "ReportedDate": "2013-02-13T06:52:48.863-08:00",
    "Status": {
      "Name": "Closed",
      "Id": 4
    },
    "ReasonClosed": {
      "Name": "Unassigned"
    },
    "Summary": "filterbutton shown for hidden columns",
    "Type": {
      "Name": "Issue",
      "Id": 3
    },
    "VoteCount": 1,
    "Id": 1128
  },
  "FileAttachments": [],
  "Comments": []
}