{
  "WorkItem": {
    "AffectedComponent": {
      "Name": "",
      "DisplayName": ""
    },
    "ClosedComment": "",
    "ClosedDate": null,
    "CommentCount": 13,
    "Custom": "",
    "Description": "Hello\nPlease it could facilitate the project in vb?\nThanks",
    "LastUpdatedDate": "2015-07-01T14:17:48.12-07:00",
    "PlannedForRelease": "",
    "ReleaseVisibleToPublic": false,
    "Priority": {
      "Name": "Unassigned",
      "Severity": 0,
      "Id": 0
    },
    "ProjectName": "adgv",
    "ReportedDate": "2014-05-22T10:56:20.837-07:00",
    "Status": {
      "Name": "Proposed",
      "Id": 1
    },
    "ReasonClosed": {
      "Name": "Unassigned"
    },
    "Summary": "Project in visual basic",
    "Type": {
      "Name": "Unassigned",
      "Id": 5
    },
    "VoteCount": 3,
    "Id": 1418
  },
  "FileAttachments": [
    {
      "FileId": 1456761,
      "FileName": "result.jpg",
      "DownloadUrl": ".\\1456761"
    },
    {
      "FileId": 1456762,
      "FileName": "drugs.zip",
      "DownloadUrl": ".\\1456762"
    },
    {
      "FileId": 1456763,
      "FileName": "Instructions.pdf",
      "DownloadUrl": ".\\1456763"
    }
  ],
  "Comments": [
    {
      "Message": "Sorry Lalico. i don`t have so much time for rewrite code\r\n\r\nMaybe you can use compiled Dll in you project insteadOr find some automatic code translators (if they exists)Or try to connect with Davide Gironi (http://davidegironi.blogspot.it/) who do some pathces and refactoring for project",
      "PostedDate": "2014-05-26T20:48:16.713-07:00",
      "Id": 184371
    },
    {
      "Message": "I've got this, Displays the grid, but will not filter anything. Perhaps someone will show us what's wrong.Thanks for the helps and code.\r\n\r\n```Option Strict On\r\n\r\nPublic Class Form1\r\n\r\n    Private Sub Form1_Load(sender As Object, e As EventArgs) Handles MyBase.Load        Dim table As New DataTable\r\n\r\n        ' Create four typed columns in the DataTable.        table = DataSet1.Tables.Add(\"Reference\")        table.Columns.Add(\"Dosage\", GetType(Integer))        table.Columns.Add(\"Drug\", GetType(String))        table.Columns.Add(\"Patient\", GetType(String))        table.Columns.Add(\"Date\", GetType(DateTime))        ' Add five rows         table.Rows.Add(25, \"Indocin\", \"David\", DateTime.Today.AddDays(-40))        table.Rows.Add(50, \"Enebrel\", \"Sam\", DateTime.Now)        table.Rows.Add(10, \"Hydralazine\", \"Christoff\", DateTime.Today.AddDays(-20))        table.Rows.Add(21, \"Combivent\", \"Janet\", DateTime.Now)        table.Rows.Add(100, \"Dilantin\", \"Melanie\", DateTime.Now)\r\n\r\n        'initialize bindingsource        BindingSource_main.DataMember = table.TableName        BindingSource_main.DataSource = DataSet1        'initialize datagridview        With AdvancedDataGridView_Main            .DataSource = BindingSource_main            .DisableFilterAndSort(AdvancedDataGridView_Main.Columns(\"Dosage\"))            .SetFilterDateAndTimeEnabled(AdvancedDataGridView_Main.Columns(\"Date\"), True)            .SetSortEnabled(AdvancedDataGridView_Main.Columns(\"Patient\"), False)            .SortDESC(AdvancedDataGridView_Main.Columns(\"Drug\"))        End With        InitializeComponent()    End Sub\r\n\r\nEnd Class```",
      "PostedDate": "2015-01-08T07:42:42.91-08:00",
      "Id": 184372
    },
    {
      "Message": "Forgot the resulting image :(",
      "PostedDate": "2015-01-08T07:53:35.507-08:00",
      "Id": 184373
    },
    {
      "Message": "Do you implement this methods?\r\n\r\n private void dataGridView_FilterStringChanged(object sender, EventArgs e)        {            .Filter = this.dataGridView.FilterString;        }\r\n\r\n        private void dataGridView_SortStringChanged(object sender, EventArgs e)        {            .Sort = this.dataGridView.SortString;        }",
      "PostedDate": "2015-01-12T11:09:01.29-08:00",
      "Id": 184374
    },
    {
      "Message": "After doing what Zubyme suggested and tweaking here and there, it finally worked in vb.net 2013. In the following days I will send you a step by step guide of what I did exactly so that everyone else who is interested can take advantage and you can add it to your documentation section if you like.\r\n\r\n```Option Strict On\r\n\r\nPublic Class Form1\r\n\r\n    ' When the form initially loads    Private Sub Form1_Load(sender As Object, e As EventArgs) Handles MyBase.Load\r\n\r\n        Dim table As New DataTable        ' Create four typed columns in the DataTable.        table = DataSet1.Tables.Add(\"Reference\")        table.Columns.Add(\"Dosage\", GetType(Integer))        table.Columns.Add(\"Drug\", GetType(String))        table.Columns.Add(\"Patient\", GetType(String))        table.Columns.Add(\"Date\", GetType(DateTime))        ' Add five rows         table.Rows.Add(25, \"Indocin\", \"David\", DateTime.Today.AddDays(-40))        table.Rows.Add(50, \"Enebrel\", \"Sam\", DateTime.Now)        table.Rows.Add(10, \"Hydralazine\", \"Christoff\", DateTime.Today.AddDays(-20))        table.Rows.Add(21, \"Combivent\", \"Janet\", DateTime.Now)        table.Rows.Add(100, \"Dilantin\", \"Melanie\", DateTime.Now)\r\n\r\n        'initialize bindingsource        BindingSource_main.DataMember = table.TableName        BindingSource_main.DataSource = DataSet1        'initialize datagridview        With AdvancedDataGridView_Main            .DataSource = BindingSource_main            .DisableFilterAndSort(AdvancedDataGridView_Main.Columns(\"Dosage\"))            .SetFilterDateAndTimeEnabled(AdvancedDataGridView_Main.Columns(\"Date\"), True)            .SetSortEnabled(AdvancedDataGridView_Main.Columns(\"Patient\"), False)            .SortDESC(AdvancedDataGridView_Main.Columns(\"Drug\"))        End With        'InitializeComponent() ' is not needed and if used will not work\r\n\r\n    End Sub\r\n\r\n    ' Change Filter string when user selects one from the drop box    Private Sub AdvancedDataGridView_Main_FilterStringChanged(sender As Object, e As EventArgs) Handles AdvancedDataGridView_Main.FilterStringChanged        BindingSource_main.Filter = Me.AdvancedDataGridView_Main.FilterString    End Sub\r\n\r\n    ' Chnage sort string when user selects (or clears) one from the drop box    Private Sub AdvancedDataGridView_Main_SortStringChanged(sender As Object, e As EventArgs) Handles AdvancedDataGridView_Main.SortStringChanged        BindingSource_main.Sort = Me.AdvancedDataGridView_Main.SortString    End Sub\r\n\r\nEnd Class\r\n\r\n```",
      "PostedDate": "2015-01-13T07:38:29.887-08:00",
      "Id": 184375
    },
    {
      "Message": "Thanx!Also you can send me source code i will upload it as apatch",
      "PostedDate": "2015-01-14T01:09:55.243-08:00",
      "Id": 184376
    },
    {
      "Message": "Thanx!Also you can send me source code i will upload it as apatch",
      "PostedDate": "2015-01-14T01:10:21.5-08:00",
      "Id": 184377
    },
    {
      "Message": "The full code follows:\r\n\r\n```Option Strict On\r\n\r\nPublic Class Form1\r\n\r\n    ' When the form initially loads    Private Sub Form1_Load(sender As Object, e As EventArgs) Handles MyBase.Load\r\n\r\n        Dim table As New DataTable        ' Create four typed columns in the DataTable.        table = DataSet_Main.Tables.Add(\"Reference\")        table.Columns.Add(\"Dosage\", GetType(Integer))        table.Columns.Add(\"Drug\", GetType(String))        table.Columns.Add(\"Patient\", GetType(String))        table.Columns.Add(\"Date\", GetType(DateTime))        ' Add five rows         table.Rows.Add(25, \"Indocin\", \"David\", DateTime.Today.AddDays(-40))        table.Rows.Add(50, \"Enebrel\", \"Sam\", DateTime.Now)        table.Rows.Add(10, \"Hydralazine\", \"Christoff\", DateTime.Today.AddDays(-20))        table.Rows.Add(21, \"Combivent\", \"Janet\", DateTime.Now)        table.Rows.Add(100, \"Dilantin\", \"Melanie\", DateTime.Now)\r\n\r\n        'initialize bindingsource (defined as control on the form)        BindingSource_main.DataMember = table.TableName        BindingSource_main.DataSource = DataSet_Main        'initialize datagridview        With AdvancedDataGridView_Main            .DataSource = BindingSource_main            .DisableFilterAndSort(AdvancedDataGridView_Main.Columns(\"Dosage\"))            .SetFilterDateAndTimeEnabled(AdvancedDataGridView_Main.Columns(\"Date\"), True)            .SetSortEnabled(AdvancedDataGridView_Main.Columns(\"Patient\"), False)            .SortDESC(AdvancedDataGridView_Main.Columns(\"Drug\"))        End With        AdvancedDataGridViewSearchToolBar_Main.SetColumns(AdvancedDataGridView_Main.Columns)\r\n\r\n    End Sub\r\n\r\n    ' Change Filter string when user selects one from the drop box    Private Sub AdvancedDataGridView_Main_FilterStringChanged(sender As Object, e As EventArgs) Handles AdvancedDataGridView_Main.FilterStringChanged        BindingSource_main.Filter = Me.AdvancedDataGridView_Main.FilterString    End Sub\r\n\r\n    ' Change sort string when user selects (or clears) one from the drop box    Private Sub AdvancedDataGridView_Main_SortStringChanged(sender As Object, e As EventArgs) Handles AdvancedDataGridView_Main.SortStringChanged        BindingSource_main.Sort = Me.AdvancedDataGridView_Main.SortString    End Sub\r\n\r\n    Private Sub AdvancedDataGridViewSearchToolBar_Main_Search(sender As Object, e As Zuby.ADGV.AdvancedDataGridViewSearchToolBarSearchEventArgs) Handles AdvancedDataGridViewSearchToolBar_Main.Search        Dim startColumn As Integer = 0        Dim startRow As Integer = 0        Dim endcol As Boolean        Dim endrow As Boolean        If Not e.FromBegin Then            endcol = AdvancedDataGridView_Main.CurrentCell.ColumnIndex + 1 >= AdvancedDataGridView_Main.ColumnCount            endrow = AdvancedDataGridView_Main.CurrentCell.RowIndex + 1 >= AdvancedDataGridView_Main.RowCount            If endcol AndAlso endrow Then                startColumn = AdvancedDataGridView_Main.CurrentCell.ColumnIndex                startRow = AdvancedDataGridView_Main.CurrentCell.RowIndex\r\n\r\n            Else                startColumn = If(endcol, 0, AdvancedDataGridView_Main.CurrentCell.ColumnIndex + 1)                startRow = AdvancedDataGridView_Main.CurrentCell.RowIndex + If(endcol, 1, 0)            End If        End If        Dim c As DataGridViewCell = AdvancedDataGridView_Main.FindCell(e.ValueToSearch, _                                                                       If(e.ColumnToSearch IsNot Nothing, e.ColumnToSearch.Name, Nothing), _                                                                       startRow, _                                                                       startColumn, _                                                                       e.WholeWord, _                                                                       e.CaseSensitive)        If c IsNot Nothing Then            AdvancedDataGridView_Main.CurrentCell = c        End If\r\n\r\n    End SubEnd Class\r\n\r\n```",
      "PostedDate": "2015-01-15T00:58:34.847-08:00",
      "Id": 184378
    },
    {
      "Message": "Please find as an attachment the complete project and documentation as one ZIP ile",
      "PostedDate": "2015-01-15T03:30:57.63-08:00",
      "Id": 184379
    },
    {
      "Message": "Detailed instructions",
      "PostedDate": "2015-01-15T03:32:19.973-08:00",
      "Id": 184380
    },
    {
      "Message": "Great!Very thanks for you work!",
      "PostedDate": "2015-01-16T00:34:44.02-08:00",
      "Id": 184381
    },
    {
      "Message": "I know maybe this will be abusing your time, but may you consider adding something like:\r\n\r\n.DisableFilterKeepSort(.Columns(0))\r\n\r\non your next version to your events list meaning that there will be no filter section on the column but the user can still sort ascending descending (often used on ID columns at least by me)?\r\n\r\n***** 5 starts to your work",
      "PostedDate": "2015-01-16T01:29:52.413-08:00",
      "Id": 184382
    },
    {
      "Message": "By now you can disable filter for some column and click header next to do sorting. Check sample \"int\" column.May be in next release i will change sort/filter on/off. Maybe enum columntype: Filter, Sorting, Both, None instead of EnableFilter method",
      "PostedDate": "2015-01-18T00:52:45.83-08:00",
      "Id": 184383
    }
  ]
}