{
  "WorkItem": {
    "AffectedComponent": {
      "Name": "",
      "DisplayName": ""
    },
    "ClosedComment": "",
    "ClosedDate": "2015-01-14T01:18:01.86-08:00",
    "CommentCount": 1,
    "Custom": "",
    "Description": "Hello. Very interesting project. I wonder if in the future would be planned for the project by completing the menu as in excel 2013 including filter and order by color, search textbox and submenus with default filters depending on the data type. Or is hard work and is not expected\nthank you very much",
    "LastUpdatedDate": "2015-01-14T01:18:01.86-08:00",
    "PlannedForRelease": "",
    "ReleaseVisibleToPublic": false,
    "Priority": {
      "Name": "Unassigned",
      "Severity": 0,
      "Id": 0
    },
    "ProjectName": "adgv",
    "ReportedDate": "2014-06-11T09:33:59.25-07:00",
    "Status": {
      "Name": "Closed",
      "Id": 4
    },
    "ReasonClosed": {
      "Name": "Unassigned"
    },
    "Summary": "Completa Auto Filter",
    "Type": {
      "Name": "Unassigned",
      "Id": 5
    },
    "VoteCount": 1,
    "Id": 1437
  },
  "FileAttachments": [],
  "Comments": [
    {
      "Message": "It`s not very hard but need many time. By now i don`t have it.\r\n\r\n...and maybe winforms is a dead  and we all need wpf components",
      "PostedDate": "2015-01-14T01:17:43.49-08:00",
      "Id": 184390
    }
  ]
}