{
  "WorkItem": {
    "AffectedComponent": {
      "Name": "",
      "DisplayName": ""
    },
    "ClosedComment": "fixed in v. 1.0.6",
    "ClosedDate": "2013-11-29T00:57:46.883-08:00",
    "CommentCount": 3,
    "Custom": "",
    "Description": "Wrong filterstring when filtering data with \"is between\". Same problem for date columns and columns that contains numbers.\n\nThe filter should be like:\n\n```\n(([DATUM] >= '2013-11-1' AND [DATUM] <='2013-11-8'))\n```\n\nsame logic for columns that contain numbers.",
    "LastUpdatedDate": "2013-11-29T00:57:46.883-08:00",
    "PlannedForRelease": "",
    "ReleaseVisibleToPublic": false,
    "Priority": {
      "Name": "Unassigned",
      "Severity": 0,
      "Id": 0
    },
    "ProjectName": "adgv",
    "ReportedDate": "2013-11-08T05:54:55.563-08:00",
    "Status": {
      "Name": "Closed",
      "Id": 4
    },
    "ReasonClosed": {
      "Name": "Unassigned"
    },
    "Summary": "Filtering data when is selected is between",
    "Type": {
      "Name": "Unassigned",
      "Id": 5
    },
    "VoteCount": 1,
    "Id": 1302
  },
  "FileAttachments": [],
  "Comments": [
    {
      "Message": "What version you use?Try last version, there between filter like 'and >= ... and ",
      "PostedDate": "2013-11-10T16:00:15.103-08:00",
      "Id": 184347
    },
    {
      "Message": "I was using version 1.0.1\r\n\r\nIt is possible to translate on English?",
      "PostedDate": "2013-11-10T22:23:45.193-08:00",
      "Id": 184348
    },
    {
      "Message": "just use 1.0.5. between bag was fixed\r\n\r\ni will translate 1.0.5 version in next month (only user-view data)",
      "PostedDate": "2013-11-11T00:28:47.637-08:00",
      "Id": 184349
    }
  ]
}