{
  "WorkItem": {
    "AffectedComponent": {
      "Name": "",
      "DisplayName": ""
    },
    "ClosedComment": "fixed in v0.1.0.0",
    "ClosedDate": "2013-02-13T06:54:25.97-08:00",
    "CommentCount": 1,
    "Custom": "",
    "Description": "The node tree is blank after pressing OK (no changes) then opening node tree again.",
    "LastUpdatedDate": "2013-05-16T01:15:39.343-07:00",
    "PlannedForRelease": "",
    "ReleaseVisibleToPublic": false,
    "Priority": {
      "Name": "Low",
      "Severity": 50,
      "Id": 1
    },
    "ProjectName": "adgv",
    "ReportedDate": "2013-02-03T12:13:44.533-08:00",
    "Status": {
      "Name": "Closed",
      "Id": 4
    },
    "ReasonClosed": {
      "Name": "Unassigned"
    },
    "Summary": "Node tree blanks after second time clicking OK",
    "Type": {
      "Name": "Issue",
      "Id": 3
    },
    "VoteCount": 1,
    "Id": 1114
  },
  "FileAttachments": [],
  "Comments": [
    {
      "Message": "yes, i se that bug.will be fixed in next version (8-10 february)thanks, layne_ok!\r\n\r\n",
      "PostedDate": "2013-02-04T16:48:29.45-08:00",
      "Id": 184339
    }
  ]
}