{
  "WorkItem": {
    "AffectedComponent": {
      "Name": "",
      "DisplayName": ""
    },
    "ClosedComment": "",
    "ClosedDate": null,
    "CommentCount": 3,
    "Custom": "",
    "Description": "On a column that contains date, when you filter between two date, if the second date is before the first date, then no data are displayed.\n\n![FileringOnDate](http://i.imgur.com/rhYSqg2.png)\n\nIn the OKButton_Click method of the SetFilterForm class you should write :\n\n```C#\nelse if (this.FilterTypeComboBox.Text == this.RM.GetString(\"setfilterform_filtertypecombobox_between\"))\n {\n     DateTime dt1 = ((DateTimePicker)this.val2contol).Value;\n      if (dt.CompareTo(dt1) > 0)\n          {\n             DateTime tempDateTime = dt;\n             dt = dt1;\n             dt1 = tempDateTime;\n           }\n\n      if (this.timeFilter)\n      {\n         this.filterString += \">= '\" + dt.ToString(\"o\") + \"'\";\n         this.filterString += \" AND \" + column + \"<= '\" + dt1.ToString(\"o\") + \"'\";\n       }\n       else\n       {\n          this.filterString += \">= '\" + dt.ToShortDateString() + \"'\";\n          this.filterString += \" AND \" + column + \"<= '\" + dt1.ToShortDateString() + \"'\";\n        }\n }\n```",
    "LastUpdatedDate": "2015-09-28T04:09:43.897-07:00",
    "PlannedForRelease": "",
    "ReleaseVisibleToPublic": false,
    "Priority": {
      "Name": "Unassigned",
      "Severity": 0,
      "Id": 0
    },
    "ProjectName": "adgv",
    "ReportedDate": "2014-01-02T12:20:22.393-08:00",
    "Status": {
      "Name": "Resolved",
      "Id": 7
    },
    "ReasonClosed": {
      "Name": "Unassigned"
    },
    "Summary": "Filtering on date returns no result when date2 is before date1",
    "Type": {
      "Name": "Unassigned",
      "Id": 5
    },
    "VoteCount": 1,
    "Id": 1346
  },
  "FileAttachments": [],
  "Comments": [
    {
      "Message": "Yes, it`s. I removed the automatic inversion of numbers as in previous versions.See [this issue](https://adgv.codeplex.com/workitem/1347)",
      "PostedDate": "2014-01-02T19:12:46.697-08:00",
      "Id": 184364
    },
    {
      "Message": "fix in next release",
      "PostedDate": "2014-05-26T20:40:15.85-07:00",
      "Id": 184365
    },
    {
      "Message": "whedn you filter a colunm the data is not shown y\n",
      "PostedDate": "2015-09-28T04:09:43.897-07:00",
      "Id": 190838
    }
  ]
}