{
  "WorkItem": {
    "AffectedComponent": {
      "Name": "",
      "DisplayName": ""
    },
    "ClosedComment": "fixed in v1.0.6",
    "ClosedDate": "2013-12-30T18:04:50.103-08:00",
    "CommentCount": 2,
    "Custom": "",
    "Description": "The method :\n\n```C#\nprivate void FilterTypeComboBox_SelectedIndexChanged(object sender, EventArgs e)\n{\n     this.val2contol.Visible = this.FilterTypeComboBox.Text == \"Between...\";\n     this.okButton.Enabled = !HasErrors();\n}\n```\n\nShould be :\n\n``` C#\nprivate void FilterTypeComboBox_SelectedIndexChanged(object sender, EventArgs e)\n{\n    this.val2contol.Visible = this.FilterTypeComboBox.Text == resource.GetString(\"Between\") + \"...\";\n    this.okButton.Enabled = !HasErrors();\n}\n```",
    "LastUpdatedDate": "2013-12-30T18:04:50.103-08:00",
    "PlannedForRelease": "",
    "ReleaseVisibleToPublic": false,
    "Priority": {
      "Name": "Unassigned",
      "Severity": 0,
      "Id": 0
    },
    "ProjectName": "adgv",
    "ReportedDate": "2013-12-29T10:21:58.47-08:00",
    "Status": {
      "Name": "Closed",
      "Id": 4
    },
    "ReasonClosed": {
      "Name": "Unassigned"
    },
    "Summary": "Filter \"Between...\" crash the app due to translation error",
    "Type": {
      "Name": "Unassigned",
      "Id": 5
    },
    "VoteCount": 1,
    "Id": 1335
  },
  "FileAttachments": [],
  "Comments": [
    {
      "Message": "Please, review last source code [v1.0.6](https://adgv.codeplex.com/releases/view/116160) for errors",
      "PostedDate": "2013-12-30T00:42:05.327-08:00",
      "Id": 184350
    },
    {
      "Message": "The release v1.0.6 fix this issue. Thanks.",
      "PostedDate": "2013-12-30T12:25:49.473-08:00",
      "Id": 184351
    }
  ]
}