{
  "WorkItem": {
    "AffectedComponent": {
      "Name": "",
      "DisplayName": ""
    },
    "ClosedComment": "fixed in v1.0.6",
    "ClosedDate": "2013-12-30T19:51:01.703-08:00",
    "CommentCount": 3,
    "Custom": "",
    "Description": "Is it possible to Save/Restore Filter Option ?",
    "LastUpdatedDate": "2013-12-30T19:51:01.703-08:00",
    "PlannedForRelease": "",
    "ReleaseVisibleToPublic": false,
    "Priority": {
      "Name": "Unassigned",
      "Severity": 0,
      "Id": 0
    },
    "ProjectName": "adgv",
    "ReportedDate": "2013-05-24T07:01:09.073-07:00",
    "Status": {
      "Name": "Closed",
      "Id": 4
    },
    "ReasonClosed": {
      "Name": "Unassigned"
    },
    "Summary": "Save/Restore Filter Option  ?",
    "Type": {
      "Name": "Unassigned",
      "Id": 5
    },
    "VoteCount": 1,
    "Id": 1228
  },
  "FileAttachments": [],
  "Comments": [
    {
      "Message": "How should the filter be saved?If just saved to a text file then this wouldn't be too difficult, but would the user experience be worthwhile.Things like Excel don't do saving, so I don't believe it's worthwhile.",
      "PostedDate": "2013-11-28T03:14:24.42-08:00",
      "Id": 184341
    },
    {
      "Message": "ok. ok pals i will do it just because all you still use ADGV7-15 dec new release will bewith eng translate and save/load in case",
      "PostedDate": "2013-11-29T00:56:33.807-08:00",
      "Id": 184342
    },
    {
      "Message": "Zubyme.. I haven't seen anything better than ADGV for performing filtering on a DataGridView... do you know of anything else?  It's been great for a few small support applications that I've had to put together recently.\r\n\r\nI hope my 'patch' submission was useful.",
      "PostedDate": "2013-11-29T01:26:43.47-08:00",
      "Id": 184343
    }
  ]
}