{
  "WorkItem": {
    "AffectedComponent": {
      "Name": "",
      "DisplayName": ""
    },
    "ClosedComment": "fixed in v1.0.6",
    "ClosedDate": "2013-12-30T18:04:26.78-08:00",
    "CommentCount": 2,
    "Custom": "",
    "Description": "in the class : SetFilterForm\nmethod  : private void OKButton_Click(object sender, EventArgs e)\n\n```C#\nif (this.filterString != null)\n            {\n                //this.filterString = \"(\" + this.filterString + \")\";\n                this.viewfilterString = this.FilterTypeComboBox.Text + \" \" + apstrf + this.val1contol.Text + apstrf;\n                if (this.val2contol.Visible)\n                    this.viewfilterString += \" and \" + apstrf + this.val2contol.Text + apstrf;\n            }\n            else\n                this.viewfilterString = null;\n```\n\nShould be\n\n```C#\nif (this.filterString != null)\n            {\n                //this.filterString = \"(\" + this.filterString + \")\";\n                this.viewfilterString = this.FilterTypeComboBox.Text + \" \" + apstrf + this.val1contol.Text + apstrf;\n                if (this.val2contol.Visible)\n                    this.viewfilterString += \" \" + resource.GetString(\"And\") + \" \" + apstrf + this.val2contol.Text + apstrf;\n            }\n            else\n                this.viewfilterString = null;\n```",
    "LastUpdatedDate": "2013-12-30T18:04:26.78-08:00",
    "PlannedForRelease": "",
    "ReleaseVisibleToPublic": false,
    "Priority": {
      "Name": "Unassigned",
      "Severity": 0,
      "Id": 0
    },
    "ProjectName": "adgv",
    "ReportedDate": "2013-12-29T10:55:56.82-08:00",
    "Status": {
      "Name": "Closed",
      "Id": 4
    },
    "ReasonClosed": {
      "Name": "Unassigned"
    },
    "Summary": "Translation missing",
    "Type": {
      "Name": "Unassigned",
      "Id": 5
    },
    "VoteCount": 1,
    "Id": 1336
  },
  "FileAttachments": [],
  "Comments": [
    {
      "Message": "Please, review last source code [v1.0.6](https://adgv.codeplex.com/releases/view/116160) for errors",
      "PostedDate": "2013-12-30T00:41:42.23-08:00",
      "Id": 184352
    },
    {
      "Message": "The release v1.0.6 fix this issue. Thanks.",
      "PostedDate": "2013-12-30T12:24:58.123-08:00",
      "Id": 184353
    }
  ]
}