{
  "WorkItem": {
    "AffectedComponent": {
      "Name": "",
      "DisplayName": ""
    },
    "ClosedComment": "fixed in v 0.1.0.2",
    "ClosedDate": "2013-03-06T07:21:22.677-08:00",
    "CommentCount": 1,
    "Custom": "",
    "Description": "Column type Guid is not handled is AdvancedDataGridView.",
    "LastUpdatedDate": "2013-05-16T01:15:39.517-07:00",
    "PlannedForRelease": "",
    "ReleaseVisibleToPublic": false,
    "Priority": {
      "Name": "Low",
      "Severity": 50,
      "Id": 1
    },
    "ProjectName": "adgv",
    "ReportedDate": "2013-01-20T16:57:15.35-08:00",
    "Status": {
      "Name": "Closed",
      "Id": 4
    },
    "ReasonClosed": {
      "Name": "Unassigned"
    },
    "Summary": "Sample code includes type Guid.",
    "Type": {
      "Name": "Issue",
      "Id": 3
    },
    "VoteCount": 1,
    "Id": 1108
  },
  "FileAttachments": [],
  "Comments": [
    {
      "Message": "ADGV show and filter GUID data as a stringOur you catch exception when add Guid?",
      "PostedDate": "2013-01-20T22:25:11.807-08:00",
      "Id": 184338
    }
  ]
}