{
  "WorkItem": {
    "AffectedComponent": {
      "Name": "",
      "DisplayName": ""
    },
    "ClosedComment": "fixed in 1.0.1.0 release",
    "ClosedDate": "2012-11-14T07:40:24.293-08:00",
    "CommentCount": 3,
    "Custom": "",
    "Description": "Have a GUID column in the grid and clicking on a column header generates and error.  Have to convert GUID to string.",
    "LastUpdatedDate": "2013-05-16T01:15:40.017-07:00",
    "PlannedForRelease": "",
    "ReleaseVisibleToPublic": false,
    "Priority": {
      "Name": "Low",
      "Severity": 50,
      "Id": 1
    },
    "ProjectName": "adgv",
    "ReportedDate": "2012-10-23T07:23:42.017-07:00",
    "Status": {
      "Name": "Closed",
      "Id": 4
    },
    "ReasonClosed": {
      "Name": "Unassigned"
    },
    "Summary": "GUID columns generate errors",
    "Type": {
      "Name": "Issue",
      "Id": 3
    },
    "VoteCount": 1,
    "Id": 1039
  },
  "FileAttachments": [],
  "Comments": [
    {
      "Message": "I can add Guid datatype support if you really need thisbut it will work as string datacolumnyou just dont need to do insert Guid as String to datagrid",
      "PostedDate": "2012-10-29T01:03:35.387-07:00",
      "Id": 184331
    },
    {
      "Message": "Error was in DataGridViewCellStringComparer classyou may wait until i add new release or just change class impl \r\n\r\nclass DataGridViewCellStringComparer : IEqualityComparer    {        public bool Equals(DataGridViewCell x, DataGridViewCell y)        {            return String.Equals(x.Value.ToString(), y.Value.ToString());        }\r\n\r\n        public int GetHashCode(DataGridViewCell Data)        {            return Data.Value.ToString().GetHashCode();        }    }",
      "PostedDate": "2012-11-08T19:52:09.25-08:00",
      "Id": 184332
    },
    {
      "Message": "Fixed in 1.0.1.0",
      "PostedDate": "2012-11-14T07:39:49.18-08:00",
      "Id": 184333
    }
  ]
}