{
  "WorkItem": {
    "AffectedComponent": {
      "Name": "",
      "DisplayName": ""
    },
    "ClosedComment": "fixed in v0.1.1.0",
    "ClosedDate": "2015-05-13T19:04:31.3-07:00",
    "CommentCount": 1,
    "Custom": "",
    "Description": "ColumnName = \"6060\"\nType=Bool\nFilter String \"6060=True\" does not work, whereas  \"[6060]=True\" works.\nsolution:\nin ADGVFilterMenu.cs:\nprivate void okButton_Click(object sender, EventArgs e)\n....\nelse if (this.DataType == typeof(Boolean))\n      this.FilterString += \"[{0}]=\" + filter;\n\nthe [ ] where missing in this line",
    "LastUpdatedDate": "2015-05-13T19:04:31.3-07:00",
    "PlannedForRelease": "",
    "ReleaseVisibleToPublic": false,
    "Priority": {
      "Name": "Unassigned",
      "Severity": 0,
      "Id": 0
    },
    "ProjectName": "adgv",
    "ReportedDate": "2015-02-11T07:58:28.18-08:00",
    "Status": {
      "Name": "Closed",
      "Id": 4
    },
    "ReasonClosed": {
      "Name": "Unassigned"
    },
    "Summary": "Boolean filter not working for column names that are numbers",
    "Type": {
      "Name": "Unassigned",
      "Id": 5
    },
    "VoteCount": 1,
    "Id": 1531
  },
  "FileAttachments": [],
  "Comments": [
    {
      "Message": "thanks, will be fixed in next release",
      "PostedDate": "2015-02-12T16:59:28.077-08:00",
      "Id": 184400
    }
  ]
}