{
  "WorkItem": {
    "AffectedComponent": {
      "Name": "",
      "DisplayName": ""
    },
    "ClosedComment": "",
    "ClosedDate": null,
    "CommentCount": 7,
    "Custom": "",
    "Description": "In your Test Sample, at starting there is one empty row :\n\n![OneEmptyRow](http://i.imgur.com/eFUOHwQ.png)\n\nThen filter on empty rows :\n\n![FileringEmptyRows](http://i.imgur.com/qJqAjz3.png)\n\nPress \"Ok\" to apply filter. Then clear filter. And now there is a new empty row that have been created :\n\n![TwoEmptyRows](http://i.imgur.com/x0flxe9.png)",
    "LastUpdatedDate": "2014-05-26T20:38:00.09-07:00",
    "PlannedForRelease": "",
    "ReleaseVisibleToPublic": false,
    "Priority": {
      "Name": "Unassigned",
      "Severity": 0,
      "Id": 0
    },
    "ProjectName": "adgv",
    "ReportedDate": "2014-01-01T06:50:53.873-08:00",
    "Status": {
      "Name": "Resolved",
      "Id": 7
    },
    "ReasonClosed": {
      "Name": "Unassigned"
    },
    "Summary": "An empty row is created when filtering on blanks rows",
    "Type": {
      "Name": "Unassigned",
      "Id": 5
    },
    "VoteCount": 1,
    "Id": 1338
  },
  "FileAttachments": [
    {
      "FileId": 1456760,
      "FileName": "Debug.zip",
      "DownloadUrl": ".\\1456760"
    }
  ],
  "Comments": [
    {
      "Message": "I`m build test application with added an empty string, but I can`t repeat the bug.Can you send you code?",
      "PostedDate": "2014-01-01T19:12:08.313-08:00",
      "Id": 184357
    },
    {
      "Message": "I have download the very latest source code.In Visual Studio, open the \"ADGVSample.cs\" Form, select the datagridview and change these properties :\r\n\r\n- AllowUserToAddRows : True- ReadOnly : False\r\n\r\nRun the Sample. Filter on blanks rows, apply filter, clear filter, there is now two blanks row.",
      "PostedDate": "2014-01-02T03:03:23.957-08:00",
      "Id": 184358
    },
    {
      "Message": "Catch ittry to fix",
      "PostedDate": "2014-01-02T19:16:42.48-08:00",
      "Id": 184359
    },
    {
      "Message": "try change method of ADGVFilterMenu to this public static IEnumerable GetValuesForFilter(DataGridView grid, String columnName)        {            var vals =                from DataGridViewRow nulls in grid.Rows                __where nulls.IsNewRow == false__                select nulls.Cells[columnName];\r\n\r\n            return vals;        }",
      "PostedDate": "2014-01-02T19:28:25.353-08:00",
      "Id": 184360
    },
    {
      "Message": "``` public static IEnumerable GetValuesForFilter(DataGridView grid, String columnName)        {            var vals =                from DataGridViewRow nulls in grid.Rows                where nulls.IsNewRow == false                select nulls.Cells[columnName];\r\n\r\n            return vals;        }```",
      "PostedDate": "2014-01-02T19:29:32.913-08:00",
      "Id": 184361
    },
    {
      "Message": "Yes, looks like to fix the bug.Thanks.",
      "PostedDate": "2014-01-03T02:24:48.617-08:00",
      "Id": 184362
    },
    {
      "Message": "will be added into next release",
      "PostedDate": "2014-05-26T20:37:41.147-07:00",
      "Id": 184363
    }
  ]
}