{
  "WorkItem": {
    "AffectedComponent": {
      "Name": "",
      "DisplayName": ""
    },
    "ClosedComment": "",
    "ClosedDate": null,
    "CommentCount": 2,
    "Custom": "",
    "Description": "Would be handy if the Advanced DataGridView was available as a Nuget Package, ideally on https://www.nuget.org, but failing that, as a download on codeplex.\n\nAlso be good if the SearchToolBar Control was included with the Advanced DataGridView as well a separate.",
    "LastUpdatedDate": "2014-06-09T03:29:15.737-07:00",
    "PlannedForRelease": "",
    "ReleaseVisibleToPublic": false,
    "Priority": {
      "Name": "Unassigned",
      "Severity": 0,
      "Id": 0
    },
    "ProjectName": "adgv",
    "ReportedDate": "2014-05-27T00:54:30.22-07:00",
    "Status": {
      "Name": "Resolved",
      "Id": 7
    },
    "ReasonClosed": {
      "Name": "Unassigned"
    },
    "Summary": "Make this available as a Nuget Package",
    "Type": {
      "Name": "Unassigned",
      "Id": 5
    },
    "VoteCount": 1,
    "Id": 1420
  },
  "FileAttachments": [],
  "Comments": [
    {
      "Message": "[http://www.nuget.org/packages/ADGV/](http://www.nuget.org/packages/ADGV/)orPM> Install-Package ADGV ",
      "PostedDate": "2014-05-31T02:51:36.94-07:00",
      "Id": 184386
    },
    {
      "Message": "Thanks for that. Though, any chance you could sign it to be strong named?I need that for my [LinqPad driver](https://rapiddevbookcode.codeplex.com/wikipage?title=LLBL4linqpad&referringTitle=LINQPad). No biggie as I can use http://www.nuget.org/packages/Nivot.StrongNaming",
      "PostedDate": "2014-06-09T03:29:15.737-07:00",
      "Id": 184387
    }
  ]
}