{
  "WorkItem": {
    "AffectedComponent": {
      "Name": "",
      "DisplayName": ""
    },
    "ClosedComment": "fixed in v 0.1.0.2",
    "ClosedDate": "2013-03-06T07:22:56.537-08:00",
    "CommentCount": 1,
    "Custom": "",
    "Description": "The code path for a columnheader mouse click (left mouse  and right mouse) both show menu, but one set filter context, the other does not.  See eColumnHeaderMouseClick and eColumnAdded.",
    "LastUpdatedDate": "2013-05-16T01:15:39.68-07:00",
    "PlannedForRelease": "",
    "ReleaseVisibleToPublic": false,
    "Priority": {
      "Name": "Low",
      "Severity": 50,
      "Id": 1
    },
    "ProjectName": "adgv",
    "ReportedDate": "2013-01-20T13:53:45.903-08:00",
    "Status": {
      "Name": "Closed",
      "Id": 4
    },
    "ReasonClosed": {
      "Name": "Unassigned"
    },
    "Summary": "ColumnHeaderMouseClick code path",
    "Type": {
      "Name": "Issue",
      "Id": 3
    },
    "VoteCount": 1,
    "Id": 1107
  },
  "FileAttachments": [],
  "Comments": [
    {
      "Message": "Cant understand you\r\n\r\neColumnHeaderMouseClick method need to show filter when you do a left clickby right click filter popup by eFilterMenuOpening because it`s a Column.HeaderCell.ContextMenuStrip \r\n\r\nAlso left click method will by deleted in next version. I will add a filter button to header cell",
      "PostedDate": "2013-01-20T22:37:43.137-08:00",
      "Id": 184337
    }
  ]
}