{
  "WorkItem": {
    "AffectedComponent": {
      "Name": "",
      "DisplayName": ""
    },
    "ClosedComment": "fixed with v1.0.6",
    "ClosedDate": "2014-01-01T18:53:31.06-08:00",
    "CommentCount": 3,
    "Custom": "",
    "Description": "An InvalidOperationExeption is thrown when filtering on \"Blanks\" items on a row that doesn't contains any empty cell.",
    "LastUpdatedDate": "2014-01-01T18:53:31.06-08:00",
    "PlannedForRelease": "",
    "ReleaseVisibleToPublic": false,
    "Priority": {
      "Name": "Unassigned",
      "Severity": 0,
      "Id": 0
    },
    "ProjectName": "adgv",
    "ReportedDate": "2013-12-30T12:28:31.84-08:00",
    "Status": {
      "Name": "Closed",
      "Id": 4
    },
    "ReasonClosed": {
      "Name": "Unassigned"
    },
    "Summary": "InvalidOperationException thrown",
    "Type": {
      "Name": "Unassigned",
      "Id": 5
    },
    "VoteCount": 1,
    "Id": 1337
  },
  "FileAttachments": [],
  "Comments": [
    {
      "Message": "I can`t catch this exception :(Please, describe in detail how you got this errorIt`s was Sample app from v1.0.6 preview?",
      "PostedDate": "2013-12-30T18:27:53.327-08:00",
      "Id": 184354
    },
    {
      "Message": "No, it's in my own test project.I think it's when the datagridview display an empty new line for allowing user to add new data.This empty row is detected as \"blank\" cells, and therefore the \"blank\" filter is shown.I will post code, as soon as possible, to reproduce the issue.",
      "PostedDate": "2013-12-31T06:59:36.923-08:00",
      "Id": 184355
    },
    {
      "Message": "The last release has fix this issue.",
      "PostedDate": "2014-01-01T05:19:46.653-08:00",
      "Id": 184356
    }
  ]
}