[
  {
    "Title": "Home",
    "Id": "1822119",
    "ParentWikiTitle": "Home",
    "FileExtension": "html",
    "UpdatedDate": "2015-06-25T18:20:00.793-07:00",
    "FileAttachments": [
      {
        "Id": "9a32e1e1-6ad8-4ca4-92ac-7506949a5a5f",
        "FileName": "adgv.png",
        "DownloadUri": "./1822119/9a32e1e1-6ad8-4ca4-92ac-7506949a5a5f"
      }
    ]
  },
  {
    "Title": "Documentation (RU)",
    "Id": "812793",
    "ParentWikiTitle": "Documentation",
    "FileExtension": "codeplexwiki",
    "UpdatedDate": "2014-01-02T22:52:43.607-08:00",
    "FileAttachments": []
  },
  {
    "Title": "Documentation",
    "Id": "812489",
    "ParentWikiTitle": "Documentation",
    "FileExtension": "codeplexwiki",
    "UpdatedDate": "2014-01-01T22:50:14.07-08:00",
    "FileAttachments": []
  }
]
